ID,name,ID_sources,name_sources,latitude_sources,longitude_sources,glottocode_sources,region_sources,macro_region_sources,country_id_sources,language_type_sources,abbr_sources,spread_sources,migration_sources,contact_languages_sources,contact_languages_names_sources,all_L1_sources,natives_sources,non_natives_sources
2,Scottish English,"Kortmann, Bernd, Kerstin Lunkenheimer, and Katharina Ehret (eds.). 2020. The Electronic World Atlas of Varieties of English. Zenodo. DOI: 10.5281/zenodo.3712132, http://ewave-atlas.org, last accessed 14.02.2024","Kortmann, Bernd, Kerstin Lunkenheimer, and Katharina Ehret (eds.). 2020. The Electronic World Atlas of Varieties of English. Zenodo. DOI: 10.5281/zenodo.3712132, http://ewave-atlas.org, last accessed 14.02.2024","Kortmann, Bernd, Kerstin Lunkenheimer, and Katharina Ehret (eds.). 2020. The Electronic World Atlas of Varieties of English. Zenodo. DOI: 10.5281/zenodo.3712132, http://ewave-atlas.org, last accessed 14.02.2024","Kortmann, Bernd, Kerstin Lunkenheimer, and Katharina Ehret (eds.). 2020. The Electronic World Atlas of Varieties of English. Zenodo. DOI: 10.5281/zenodo.3712132, http://ewave-atlas.org, last accessed 14.02.2024","Kortmann, Bernd, Kerstin Lunkenheimer, and Katharina Ehret (eds.). 2020. The Electronic World Atlas of Varieties of English. Zenodo. DOI: 10.5281/zenodo.3712132, http://ewave-atlas.org, last accessed 14.02.2024","Kortmann, Bernd, Kerstin Lunkenheimer, and Katharina Ehret (eds.). 2020. The Electronic World Atlas of Varieties of English. Zenodo. DOI: 10.5281/zenodo.3712132, http://ewave-atlas.org, last accessed 14.02.2024",generated within project,"Kortmann, Bernd, Kerstin Lunkenheimer, and Katharina Ehret (eds.). 2020. The Electronic World Atlas of Varieties of English. Zenodo. DOI: 10.5281/zenodo.3712132, http://ewave-atlas.org, last accessed 14.02.2024","Kortmann, Bernd, Kerstin Lunkenheimer, and Katharina Ehret (eds.). 2020. The Electronic World Atlas of Varieties of English. Zenodo. DOI: 10.5281/zenodo.3712132, http://ewave-atlas.org, last accessed 14.02.2024","Kortmann, Bernd, Kerstin Lunkenheimer, and Katharina Ehret (eds.). 2020. The Electronic World Atlas of Varieties of English. Zenodo. DOI: 10.5281/zenodo.3712132, http://ewave-atlas.org, last accessed 14.02.2024","Wikipedia The Free Encyclopedia, English version, https://www.wikipedia.org/, last accessed 30.06.2023","Demographic Statistics Database, United Nations Statistics Division, “Net migration rate (per 1,000 population)“, http://data.un.org/Default.aspx,  last accessed 29.04.2025","National Records of Scotland, Census 2011, Languages, https://www.scotlandscensus.gov.uk/census-results/at-a-glance/languages/, https://www.scotlandscensus.gov.uk/census-results/at-a-glance/population/,  last accessed 09.05.2023",NA,"Hammarström, Harald, Robert Forkel, Martin Haspelmath, and Sebastian Bank. 2023. Glottolog 4.8. Leipzig: Max Planck Institute for Evolutionary Anthropology. https://doi.org/10.5281/zenodo.8131084, http://glottolog.org, last accessed 19.02.2024","National Records of Scotland, Census 2022, Languages,  “Country by Main language - 5 groups, collapsed”, https://www.scotlandscensus.gov.uk/, last accessed 13.05.2025
","National Records of Scotland, Census 2022, Languages, “English language skills - 8 groups, collapsed by Country”, https://www.scotlandscensus.gov.uk/, last accessed 13.05.2025"
3,Irish English,"Kortmann, Bernd, Kerstin Lunkenheimer, and Katharina Ehret (eds.). 2020. The Electronic World Atlas of Varieties of English. Zenodo. DOI: 10.5281/zenodo.3712132, http://ewave-atlas.org, last accessed 14.02.2024","Kortmann, Bernd, Kerstin Lunkenheimer, and Katharina Ehret (eds.). 2020. The Electronic World Atlas of Varieties of English. Zenodo. DOI: 10.5281/zenodo.3712132, http://ewave-atlas.org, last accessed 14.02.2024","Kortmann, Bernd, Kerstin Lunkenheimer, and Katharina Ehret (eds.). 2020. The Electronic World Atlas of Varieties of English. Zenodo. DOI: 10.5281/zenodo.3712132, http://ewave-atlas.org, last accessed 14.02.2024","Kortmann, Bernd, Kerstin Lunkenheimer, and Katharina Ehret (eds.). 2020. The Electronic World Atlas of Varieties of English. Zenodo. DOI: 10.5281/zenodo.3712132, http://ewave-atlas.org, last accessed 14.02.2024","Kortmann, Bernd, Kerstin Lunkenheimer, and Katharina Ehret (eds.). 2020. The Electronic World Atlas of Varieties of English. Zenodo. DOI: 10.5281/zenodo.3712132, http://ewave-atlas.org, last accessed 14.02.2024","Kortmann, Bernd, Kerstin Lunkenheimer, and Katharina Ehret (eds.). 2020. The Electronic World Atlas of Varieties of English. Zenodo. DOI: 10.5281/zenodo.3712132, http://ewave-atlas.org, last accessed 14.02.2024",generated within project,"Kortmann, Bernd, Kerstin Lunkenheimer, and Katharina Ehret (eds.). 2020. The Electronic World Atlas of Varieties of English. Zenodo. DOI: 10.5281/zenodo.3712132, http://ewave-atlas.org, last accessed 14.02.2024","Kortmann, Bernd, Kerstin Lunkenheimer, and Katharina Ehret (eds.). 2020. The Electronic World Atlas of Varieties of English. Zenodo. DOI: 10.5281/zenodo.3712132, http://ewave-atlas.org, last accessed 14.02.2024","Kortmann, Bernd, Kerstin Lunkenheimer, and Katharina Ehret (eds.). 2020. The Electronic World Atlas of Varieties of English. Zenodo. DOI: 10.5281/zenodo.3712132, http://ewave-atlas.org, last accessed 14.02.2024","Wikipedia The Free Encyclopedia, English version, https://www.wikipedia.org/, last accessed 30.06.2023","Demographic Statistics Database, United Nations Statistics Division, “Net migration rate (per 1,000 population)“, http://data.un.org/Default.aspx,  last accessed 29.04.2025","Northern Ireland Statistics and Research Agency, Census 2021, Census 2021 main statistics language tables, Table MS-B13: Main language - full detail, https://www.nisra.gov.uk/, last accessed 28.01.2025; Central Statistics Office, Census of Population 2016 – Press Statement – Census 2016 Summary Results – Part 1, https://www.cso.ie/en/media/csoie/newsevents/documents/pressreleases/2017/prCensussummarypart1.pdf, last accessed 09.05.2023",NA,"Hammarström, Harald, Robert Forkel, Martin Haspelmath, and Sebastian Bank. 2023. Glottolog 4.8. Leipzig: Max Planck Institute for Evolutionary Anthropology. https://doi.org/10.5281/zenodo.8131084, http://glottolog.org, last accessed 19.02.2024","Northern Ireland Statistics and Research Agency, Census 2021, English Language Proficiency - 4 Categories, Main Language is English, https://build.nisra.gov.uk/en/custom/data?d=PEOPLE&v=ENGLISH_PROFICIENCY_AGG4, last accessed 28.01.2025; Central Statistics Office, Census of Population 2022, Summary Results Table 4.5 “Population Usually Resident and Present in the State by Place of Birth and Highest Percentage Change Since the Previous Census”, and Table 4.13 “Population Usually Resident and Present in the State Who Speak a Language Other Than English or Irish at Home by Citizenship and Ability to Speak English”, last accessed 10.08.2023;  Raymond Hickey, p.c. 10.08.2023 ","Northern Ireland Statistics and Research Agency, Census 2021, Census 2021 main statistics language tables, Table MS-B14, https://www.nisra.gov.uk/, last accessed 28.01.2025; Central Statistics Office, Census of Population 2022, Summary Results Figure 4.11 “Population usually resident and present in the State who speak a language other than English or Irish at home by citizenship and ability to speak English”, https://www.cso.ie/en/releasesandpublications/ep/p-cpsr/censusofpopulation2022-summaryresults/migrationanddiversity/, last accessed 10.08.2023"
4,Manx English,"Kortmann, Bernd, Kerstin Lunkenheimer, and Katharina Ehret (eds.). 2020. The Electronic World Atlas of Varieties of English. Zenodo. DOI: 10.5281/zenodo.3712132, http://ewave-atlas.org, last accessed 14.02.2024","Kortmann, Bernd, Kerstin Lunkenheimer, and Katharina Ehret (eds.). 2020. The Electronic World Atlas of Varieties of English. Zenodo. DOI: 10.5281/zenodo.3712132, http://ewave-atlas.org, last accessed 14.02.2024","Kortmann, Bernd, Kerstin Lunkenheimer, and Katharina Ehret (eds.). 2020. The Electronic World Atlas of Varieties of English. Zenodo. DOI: 10.5281/zenodo.3712132, http://ewave-atlas.org, last accessed 14.02.2024","Kortmann, Bernd, Kerstin Lunkenheimer, and Katharina Ehret (eds.). 2020. The Electronic World Atlas of Varieties of English. Zenodo. DOI: 10.5281/zenodo.3712132, http://ewave-atlas.org, last accessed 14.02.2024","Kortmann, Bernd, Kerstin Lunkenheimer, and Katharina Ehret (eds.). 2020. The Electronic World Atlas of Varieties of English. Zenodo. DOI: 10.5281/zenodo.3712132, http://ewave-atlas.org, last accessed 14.02.2024","Kortmann, Bernd, Kerstin Lunkenheimer, and Katharina Ehret (eds.). 2020. The Electronic World Atlas of Varieties of English. Zenodo. DOI: 10.5281/zenodo.3712132, http://ewave-atlas.org, last accessed 14.02.2024",generated within project,"Kortmann, Bernd, Kerstin Lunkenheimer, and Katharina Ehret (eds.). 2020. The Electronic World Atlas of Varieties of English. Zenodo. DOI: 10.5281/zenodo.3712132, http://ewave-atlas.org, last accessed 14.02.2024","Kortmann, Bernd, Kerstin Lunkenheimer, and Katharina Ehret (eds.). 2020. The Electronic World Atlas of Varieties of English. Zenodo. DOI: 10.5281/zenodo.3712132, http://ewave-atlas.org, last accessed 14.02.2024","Kortmann, Bernd, Kerstin Lunkenheimer, and Katharina Ehret (eds.). 2020. The Electronic World Atlas of Varieties of English. Zenodo. DOI: 10.5281/zenodo.3712132, http://ewave-atlas.org, last accessed 14.02.2024","The World Factbook. 2021. Washington, DC: Central Intelligence Agency, 2021, https://www.cia.gov/, last accessed 14.02.2024","Demographic Statistics Database, United Nations Statistics Division, “Net migration rate (per 1,000 population)“, http://data.un.org/Default.aspx,  last accessed 29.04.2025","Isle of Man Government, 2021 Isle of Man Census Report Part I, Table 2.11, https://www.gov.im/media/1375604/2021-01-27-census-report-part-i-final-2.pdf, last accessed 19.02.2024 ",NA,"Hammarström, Harald, Robert Forkel, Martin Haspelmath, and Sebastian Bank. 2023. Glottolog 4.8. Leipzig: Max Planck Institute for Evolutionary Anthropology. https://doi.org/10.5281/zenodo.8131084, http://glottolog.org, last accessed 19.02.2024","Isle of Man Government, 2021 Isle of Man Census Report Part I, Table 2.1 “Resident Population by Area of Residence and Quinary Age”, https://www.gov.im/media/1375604/2021-01-27-census-report-part-i-final-2.pdf, last accessed 27.07.2023; Draskau, Jennifer Kewley. Manx English. 2012. In: The Mouton World Atlas of Variation in English, Bernd Kortmann and Kerstin Lunkenheimer (eds.),  14–15. Berlin/Boston: De Gruyter Mouton. ","Draskau, Jennifer Kewley. Manx English. 2012. In: The Mouton World Atlas of Variation in English, Bernd Kortmann and Kerstin Lunkenheimer (eds.),  14–15. Berlin/Boston: De Gruyter Mouton."
5,Welsh English,"Kortmann, Bernd, Kerstin Lunkenheimer, and Katharina Ehret (eds.). 2020. The Electronic World Atlas of Varieties of English. Zenodo. DOI: 10.5281/zenodo.3712132, http://ewave-atlas.org, last accessed 14.02.2024","Kortmann, Bernd, Kerstin Lunkenheimer, and Katharina Ehret (eds.). 2020. The Electronic World Atlas of Varieties of English. Zenodo. DOI: 10.5281/zenodo.3712132, http://ewave-atlas.org, last accessed 14.02.2024","Kortmann, Bernd, Kerstin Lunkenheimer, and Katharina Ehret (eds.). 2020. The Electronic World Atlas of Varieties of English. Zenodo. DOI: 10.5281/zenodo.3712132, http://ewave-atlas.org, last accessed 14.02.2024","Kortmann, Bernd, Kerstin Lunkenheimer, and Katharina Ehret (eds.). 2020. The Electronic World Atlas of Varieties of English. Zenodo. DOI: 10.5281/zenodo.3712132, http://ewave-atlas.org, last accessed 14.02.2024","Kortmann, Bernd, Kerstin Lunkenheimer, and Katharina Ehret (eds.). 2020. The Electronic World Atlas of Varieties of English. Zenodo. DOI: 10.5281/zenodo.3712132, http://ewave-atlas.org, last accessed 14.02.2024","Kortmann, Bernd, Kerstin Lunkenheimer, and Katharina Ehret (eds.). 2020. The Electronic World Atlas of Varieties of English. Zenodo. DOI: 10.5281/zenodo.3712132, http://ewave-atlas.org, last accessed 14.02.2024",generated within project,"Kortmann, Bernd, Kerstin Lunkenheimer, and Katharina Ehret (eds.). 2020. The Electronic World Atlas of Varieties of English. Zenodo. DOI: 10.5281/zenodo.3712132, http://ewave-atlas.org, last accessed 14.02.2024","Kortmann, Bernd, Kerstin Lunkenheimer, and Katharina Ehret (eds.). 2020. The Electronic World Atlas of Varieties of English. Zenodo. DOI: 10.5281/zenodo.3712132, http://ewave-atlas.org, last accessed 14.02.2024","Kortmann, Bernd, Kerstin Lunkenheimer, and Katharina Ehret (eds.). 2020. The Electronic World Atlas of Varieties of English. Zenodo. DOI: 10.5281/zenodo.3712132, http://ewave-atlas.org, last accessed 14.02.2024","Wikipedia The Free Encyclopedia, English version, https://www.wikipedia.org/, last accessed 30.06.2023","Demographic Statistics Database, United Nations Statistics Division, “Net migration rate (per 1,000 population)“, http://data.un.org/Default.aspx,  last accessed 29.04.2025","Office for National Statistics (ONS), England and Wales Census 2021, Main language, English language proficiency, and household language in England and Wales, Census 2021 data, https://www.ons.gov.uk/peoplepopulationandcommunity/culturalidentity/language/bulletins/languageenglandandwales/census2021, last accessed 09.05.2023;  Office for National Statistics (ONS), England and Wales Census 2021, The ability of usual residents aged three years and over living in Wales to understand spoken Welsh, and to speak, read or write Welsh, Census 2021 data, https://www.ons.gov.uk/peoplepopulationandcommunity/culturalidentitylanguage/bulletins/welshlanguagewales/census2021, last accessed 09.05.2023; Welsh Government services and information, Statistics and research, Welsh language use survey, Welsh in the home and in education (Welsh language use survey): July 2019 to March 2020, https://www.gov.wales/sites/default/files/pdf-versions/2022/6/4/1654765599/welsh-home-and-education-welsh-language-use-survey-july-2019-march-2020.pdf, last accessed 20.02.2024",NA,"Hammarström, Harald, Robert Forkel, Martin Haspelmath, and Sebastian Bank. 2023. Glottolog 4.8. Leipzig: Max Planck Institute for Evolutionary Anthropology. https://doi.org/10.5281/zenodo.8131084, http://glottolog.org, last accessed 19.02.2024","Office for National Statistics, Dataset of 2021 Census estimates by region, https://www.ons.gov.uk/datasets/create, last accessed 06.06.2025  ","Office for National Statistics, Dataset of 2021 Census estimates, ""main language (detailed) and proficiency in English language"" by countries, https://www.ons.gov.uk/datasets/create, last accessed 25.11.2024"
6,English dialects in the North of England,"Kortmann, Bernd, Kerstin Lunkenheimer, and Katharina Ehret (eds.). 2020. The Electronic World Atlas of Varieties of English. Zenodo. DOI: 10.5281/zenodo.3712132, http://ewave-atlas.org, last accessed 14.02.2024","Kortmann, Bernd, Kerstin Lunkenheimer, and Katharina Ehret (eds.). 2020. The Electronic World Atlas of Varieties of English. Zenodo. DOI: 10.5281/zenodo.3712132, http://ewave-atlas.org, last accessed 14.02.2024","Kortmann, Bernd, Kerstin Lunkenheimer, and Katharina Ehret (eds.). 2020. The Electronic World Atlas of Varieties of English. Zenodo. DOI: 10.5281/zenodo.3712132, http://ewave-atlas.org, last accessed 14.02.2024","Kortmann, Bernd, Kerstin Lunkenheimer, and Katharina Ehret (eds.). 2020. The Electronic World Atlas of Varieties of English. Zenodo. DOI: 10.5281/zenodo.3712132, http://ewave-atlas.org, last accessed 14.02.2024","Kortmann, Bernd, Kerstin Lunkenheimer, and Katharina Ehret (eds.). 2020. The Electronic World Atlas of Varieties of English. Zenodo. DOI: 10.5281/zenodo.3712132, http://ewave-atlas.org, last accessed 14.02.2024","Kortmann, Bernd, Kerstin Lunkenheimer, and Katharina Ehret (eds.). 2020. The Electronic World Atlas of Varieties of English. Zenodo. DOI: 10.5281/zenodo.3712132, http://ewave-atlas.org, last accessed 14.02.2024",generated within project,"Kortmann, Bernd, Kerstin Lunkenheimer, and Katharina Ehret (eds.). 2020. The Electronic World Atlas of Varieties of English. Zenodo. DOI: 10.5281/zenodo.3712132, http://ewave-atlas.org, last accessed 14.02.2024","Kortmann, Bernd, Kerstin Lunkenheimer, and Katharina Ehret (eds.). 2020. The Electronic World Atlas of Varieties of English. Zenodo. DOI: 10.5281/zenodo.3712132, http://ewave-atlas.org, last accessed 14.02.2024","Kortmann, Bernd, Kerstin Lunkenheimer, and Katharina Ehret (eds.). 2020. The Electronic World Atlas of Varieties of English. Zenodo. DOI: 10.5281/zenodo.3712132, http://ewave-atlas.org, last accessed 14.02.2024","Wikipedia The Free Encyclopedia, English version, https://www.wikipedia.org/, last accessed 30.06.2023","Demographic Statistics Database, United Nations Statistics Division, “Net migration rate (per 1,000 population)“, http://data.un.org/Default.aspx,  last accessed 29.04.2025","Office for National Statistics (ONS), England and Wales Census 2021, Main language, English language proficiency, and household language in England and Wales, Census 2021 data, https://www.ons.gov.uk/peoplepopulationandcommunity/culturalidentity/language/bulletins/languageenglandandwales/census2021, last accessed 09.05.2023",NA,"Hammarström, Harald, Robert Forkel, Martin Haspelmath, and Sebastian Bank. 2023. Glottolog 4.8. Leipzig: Max Planck Institute for Evolutionary Anthropology. https://doi.org/10.5281/zenodo.8131084, http://glottolog.org, last accessed 19.02.2024","Office for National Statistics, Dataset of 2021 Census estimates by region, https://www.ons.gov.uk/datasets/create, last accessed 06.06.2025  ","Office for National Statistics, Dataset of 2021 Census estimates that classify all usual residents in England and Wales by region, https://www.ons.gov.uk/datasets/create, 10.06.2025"
7,English dialects in the Southwest of England,"Kortmann, Bernd, Kerstin Lunkenheimer, and Katharina Ehret (eds.). 2020. The Electronic World Atlas of Varieties of English. Zenodo. DOI: 10.5281/zenodo.3712132, http://ewave-atlas.org, last accessed 14.02.2024","Kortmann, Bernd, Kerstin Lunkenheimer, and Katharina Ehret (eds.). 2020. The Electronic World Atlas of Varieties of English. Zenodo. DOI: 10.5281/zenodo.3712132, http://ewave-atlas.org, last accessed 14.02.2024","Kortmann, Bernd, Kerstin Lunkenheimer, and Katharina Ehret (eds.). 2020. The Electronic World Atlas of Varieties of English. Zenodo. DOI: 10.5281/zenodo.3712132, http://ewave-atlas.org, last accessed 14.02.2024","Kortmann, Bernd, Kerstin Lunkenheimer, and Katharina Ehret (eds.). 2020. The Electronic World Atlas of Varieties of English. Zenodo. DOI: 10.5281/zenodo.3712132, http://ewave-atlas.org, last accessed 14.02.2024","Kortmann, Bernd, Kerstin Lunkenheimer, and Katharina Ehret (eds.). 2020. The Electronic World Atlas of Varieties of English. Zenodo. DOI: 10.5281/zenodo.3712132, http://ewave-atlas.org, last accessed 14.02.2024","Kortmann, Bernd, Kerstin Lunkenheimer, and Katharina Ehret (eds.). 2020. The Electronic World Atlas of Varieties of English. Zenodo. DOI: 10.5281/zenodo.3712132, http://ewave-atlas.org, last accessed 14.02.2024",generated within project,"Kortmann, Bernd, Kerstin Lunkenheimer, and Katharina Ehret (eds.). 2020. The Electronic World Atlas of Varieties of English. Zenodo. DOI: 10.5281/zenodo.3712132, http://ewave-atlas.org, last accessed 14.02.2024","Kortmann, Bernd, Kerstin Lunkenheimer, and Katharina Ehret (eds.). 2020. The Electronic World Atlas of Varieties of English. Zenodo. DOI: 10.5281/zenodo.3712132, http://ewave-atlas.org, last accessed 14.02.2024","Kortmann, Bernd, Kerstin Lunkenheimer, and Katharina Ehret (eds.). 2020. The Electronic World Atlas of Varieties of English. Zenodo. DOI: 10.5281/zenodo.3712132, http://ewave-atlas.org, last accessed 14.02.2024","Wikipedia The Free Encyclopedia, English version, https://www.wikipedia.org/, last accessed 30.06.2023","Demographic Statistics Database, United Nations Statistics Division, “Net migration rate (per 1,000 population)“, http://data.un.org/Default.aspx,  last accessed 29.04.2025","Office for National Statistics (ONS), England and Wales Census 2021, Main language, English language proficiency, and household language in England and Wales, Census 2021 data, https://www.ons.gov.uk/peoplepopulationandcommunity/culturalidentity/language/bulletins/languageenglandandwales/census2021, last accessed 09.05.2023",NA,"Hammarström, Harald, Robert Forkel, Martin Haspelmath, and Sebastian Bank. 2023. Glottolog 4.8. Leipzig: Max Planck Institute for Evolutionary Anthropology. https://doi.org/10.5281/zenodo.8131084, http://glottolog.org, last accessed 19.02.2024","Office for National Statistics, Dataset of 2021 Census estimates by region, https://www.ons.gov.uk/datasets/create, last accessed 06.06.2025  ","Office for National Statistics, Dataset of 2021 Census estimates that classify all usual residents in England and Wales by region, https://www.ons.gov.uk/datasets/create, 10.06.2025"
9,English dialects in the Southeast of England,"Kortmann, Bernd, Kerstin Lunkenheimer, and Katharina Ehret (eds.). 2020. The Electronic World Atlas of Varieties of English. Zenodo. DOI: 10.5281/zenodo.3712132, http://ewave-atlas.org, last accessed 14.02.2024","Kortmann, Bernd, Kerstin Lunkenheimer, and Katharina Ehret (eds.). 2020. The Electronic World Atlas of Varieties of English. Zenodo. DOI: 10.5281/zenodo.3712132, http://ewave-atlas.org, last accessed 14.02.2024","Kortmann, Bernd, Kerstin Lunkenheimer, and Katharina Ehret (eds.). 2020. The Electronic World Atlas of Varieties of English. Zenodo. DOI: 10.5281/zenodo.3712132, http://ewave-atlas.org, last accessed 14.02.2024","Kortmann, Bernd, Kerstin Lunkenheimer, and Katharina Ehret (eds.). 2020. The Electronic World Atlas of Varieties of English. Zenodo. DOI: 10.5281/zenodo.3712132, http://ewave-atlas.org, last accessed 14.02.2024","Kortmann, Bernd, Kerstin Lunkenheimer, and Katharina Ehret (eds.). 2020. The Electronic World Atlas of Varieties of English. Zenodo. DOI: 10.5281/zenodo.3712132, http://ewave-atlas.org, last accessed 14.02.2024","Kortmann, Bernd, Kerstin Lunkenheimer, and Katharina Ehret (eds.). 2020. The Electronic World Atlas of Varieties of English. Zenodo. DOI: 10.5281/zenodo.3712132, http://ewave-atlas.org, last accessed 14.02.2024",generated within project,"Kortmann, Bernd, Kerstin Lunkenheimer, and Katharina Ehret (eds.). 2020. The Electronic World Atlas of Varieties of English. Zenodo. DOI: 10.5281/zenodo.3712132, http://ewave-atlas.org, last accessed 14.02.2024","Kortmann, Bernd, Kerstin Lunkenheimer, and Katharina Ehret (eds.). 2020. The Electronic World Atlas of Varieties of English. Zenodo. DOI: 10.5281/zenodo.3712132, http://ewave-atlas.org, last accessed 14.02.2024","Kortmann, Bernd, Kerstin Lunkenheimer, and Katharina Ehret (eds.). 2020. The Electronic World Atlas of Varieties of English. Zenodo. DOI: 10.5281/zenodo.3712132, http://ewave-atlas.org, last accessed 14.02.2024","Wikipedia The Free Encyclopedia, English version, https://www.wikipedia.org/, last accessed 30.06.2023","Demographic Statistics Database, United Nations Statistics Division, “Net migration rate (per 1,000 population)“, http://data.un.org/Default.aspx,  last accessed 29.04.2025","Office for National Statistics (ONS), England and Wales Census 2021, Main language, English language proficiency, and household language in England and Wales, Census 2021 data, https://www.ons.gov.uk/peoplepopulationandcommunity/culturalidentity/language/bulletins/languageenglandandwales/census2021, last accessed 09.05.2023",NA,"Hammarström, Harald, Robert Forkel, Martin Haspelmath, and Sebastian Bank. 2023. Glottolog 4.8. Leipzig: Max Planck Institute for Evolutionary Anthropology. https://doi.org/10.5281/zenodo.8131084, http://glottolog.org, last accessed 19.02.2024","Office for National Statistics, Dataset of 2021 Census estimates by region, https://www.ons.gov.uk/datasets/create, last accessed 06.06.2025  ","Office for National Statistics, Dataset of 2021 Census estimates that classify all usual residents in England and Wales by region, https://www.ons.gov.uk/datasets/create, 10.06.2025"
14,Colloquial American English,"Kortmann, Bernd, Kerstin Lunkenheimer, and Katharina Ehret (eds.). 2020. The Electronic World Atlas of Varieties of English. Zenodo. DOI: 10.5281/zenodo.3712132, http://ewave-atlas.org, last accessed 14.02.2024","Kortmann, Bernd, Kerstin Lunkenheimer, and Katharina Ehret (eds.). 2020. The Electronic World Atlas of Varieties of English. Zenodo. DOI: 10.5281/zenodo.3712132, http://ewave-atlas.org, last accessed 14.02.2024","Kortmann, Bernd, Kerstin Lunkenheimer, and Katharina Ehret (eds.). 2020. The Electronic World Atlas of Varieties of English. Zenodo. DOI: 10.5281/zenodo.3712132, http://ewave-atlas.org, last accessed 14.02.2024","Kortmann, Bernd, Kerstin Lunkenheimer, and Katharina Ehret (eds.). 2020. The Electronic World Atlas of Varieties of English. Zenodo. DOI: 10.5281/zenodo.3712132, http://ewave-atlas.org, last accessed 14.02.2024","Kortmann, Bernd, Kerstin Lunkenheimer, and Katharina Ehret (eds.). 2020. The Electronic World Atlas of Varieties of English. Zenodo. DOI: 10.5281/zenodo.3712132, http://ewave-atlas.org, last accessed 14.02.2024","Kortmann, Bernd, Kerstin Lunkenheimer, and Katharina Ehret (eds.). 2020. The Electronic World Atlas of Varieties of English. Zenodo. DOI: 10.5281/zenodo.3712132, http://ewave-atlas.org, last accessed 14.02.2024",generated within project,"Kortmann, Bernd, Kerstin Lunkenheimer, and Katharina Ehret (eds.). 2020. The Electronic World Atlas of Varieties of English. Zenodo. DOI: 10.5281/zenodo.3712132, http://ewave-atlas.org, last accessed 14.02.2024","Kortmann, Bernd, Kerstin Lunkenheimer, and Katharina Ehret (eds.). 2020. The Electronic World Atlas of Varieties of English. Zenodo. DOI: 10.5281/zenodo.3712132, http://ewave-atlas.org, last accessed 14.02.2024","Kortmann, Bernd, Kerstin Lunkenheimer, and Katharina Ehret (eds.). 2020. The Electronic World Atlas of Varieties of English. Zenodo. DOI: 10.5281/zenodo.3712132, http://ewave-atlas.org, last accessed 14.02.2024","The World Factbook. 2021. Washington, DC: Central Intelligence Agency, 2021, https://www.cia.gov/, last accessed 14.02.2024","Demographic Statistics Database, United Nations Statistics Division, “Net migration rate (per 1,000 population)“, http://data.un.org/Default.aspx,  last accessed 29.04.2025","Dietrich, Sandy and Erik Hernandez. 2022. American Community Survey Reports, Language Use in the United States: 2019, Table 1, United States Census Bureau, https://www.census.gov/library/publications/2022/acs/acs-50.html, last accessed 12.05.2023","Dietrich, Sandy and Erik Hernandez. 2022. American Community Survey Reports, Language Use in the United States: 2019, Table 1, United States Census Bureau, https://www.census.gov/library/publications/2022/acs/acs-50.html, last accessed 12.05.2023","Hammarström, Harald, Robert Forkel, Martin Haspelmath, and Sebastian Bank. 2023. Glottolog 4.8. Leipzig: Max Planck Institute for Evolutionary Anthropology. https://doi.org/10.5281/zenodo.8131084, http://glottolog.org, last accessed 19.02.2024","Dietrich, Sandy, and Erik Hernandez. 2022. American Community Survey Reports, Language Use in the United States: 2019, United States Census Bureau, https://www.census.gov/library/publications/2022/acs/acs-50.html, last accessed 12.05.2023","Dietrich, Sandy, and Erik Hernandez. 2022. American Community Survey Reports, Language Use in the United States: 2019, United States Census Bureau, https://www.census.gov/library/publications/2022/acs/acs-50.html,  12.05.2023"
26,Jamaican English,"Kortmann, Bernd, Kerstin Lunkenheimer, and Katharina Ehret (eds.). 2020. The Electronic World Atlas of Varieties of English. Zenodo. DOI: 10.5281/zenodo.3712132, http://ewave-atlas.org, last accessed 14.02.2024","Kortmann, Bernd, Kerstin Lunkenheimer, and Katharina Ehret (eds.). 2020. The Electronic World Atlas of Varieties of English. Zenodo. DOI: 10.5281/zenodo.3712132, http://ewave-atlas.org, last accessed 14.02.2024","Kortmann, Bernd, Kerstin Lunkenheimer, and Katharina Ehret (eds.). 2020. The Electronic World Atlas of Varieties of English. Zenodo. DOI: 10.5281/zenodo.3712132, http://ewave-atlas.org, last accessed 14.02.2024","Kortmann, Bernd, Kerstin Lunkenheimer, and Katharina Ehret (eds.). 2020. The Electronic World Atlas of Varieties of English. Zenodo. DOI: 10.5281/zenodo.3712132, http://ewave-atlas.org, last accessed 14.02.2024","Kortmann, Bernd, Kerstin Lunkenheimer, and Katharina Ehret (eds.). 2020. The Electronic World Atlas of Varieties of English. Zenodo. DOI: 10.5281/zenodo.3712132, http://ewave-atlas.org, last accessed 14.02.2024","Kortmann, Bernd, Kerstin Lunkenheimer, and Katharina Ehret (eds.). 2020. The Electronic World Atlas of Varieties of English. Zenodo. DOI: 10.5281/zenodo.3712132, http://ewave-atlas.org, last accessed 14.02.2024",generated within project,"Kortmann, Bernd, Kerstin Lunkenheimer, and Katharina Ehret (eds.). 2020. The Electronic World Atlas of Varieties of English. Zenodo. DOI: 10.5281/zenodo.3712132, http://ewave-atlas.org, last accessed 14.02.2024","Kortmann, Bernd, Kerstin Lunkenheimer, and Katharina Ehret (eds.). 2020. The Electronic World Atlas of Varieties of English. Zenodo. DOI: 10.5281/zenodo.3712132, http://ewave-atlas.org, last accessed 14.02.2024","Kortmann, Bernd, Kerstin Lunkenheimer, and Katharina Ehret (eds.). 2020. The Electronic World Atlas of Varieties of English. Zenodo. DOI: 10.5281/zenodo.3712132, http://ewave-atlas.org, last accessed 14.02.2024","The World Factbook. 2021. Washington, DC: Central Intelligence Agency, 2021, https://www.cia.gov/, last accessed 14.02.2024","Demographic Statistics Database, United Nations Statistics Division, “Net migration rate (per 1,000 population)“, http://data.un.org/Default.aspx,  last accessed 29.04.2025","Christian Mair, p.c. 06.07.2023",NA,"Hammarström, Harald, Robert Forkel, Martin Haspelmath, and Sebastian Bank. 2023. Glottolog 4.8. Leipzig: Max Planck Institute for Evolutionary Anthropology. https://doi.org/10.5281/zenodo.8131084, http://glottolog.org, last accessed 19.02.2024","Christian Mair, p.c. 06.07.2023 ","Christian Mair, p.c. 06.07.2023"
39,Ghanaian English,"Kortmann, Bernd, Kerstin Lunkenheimer, and Katharina Ehret (eds.). 2020. The Electronic World Atlas of Varieties of English. Zenodo. DOI: 10.5281/zenodo.3712132, http://ewave-atlas.org, last accessed 14.02.2024","Kortmann, Bernd, Kerstin Lunkenheimer, and Katharina Ehret (eds.). 2020. The Electronic World Atlas of Varieties of English. Zenodo. DOI: 10.5281/zenodo.3712132, http://ewave-atlas.org, last accessed 14.02.2024","Kortmann, Bernd, Kerstin Lunkenheimer, and Katharina Ehret (eds.). 2020. The Electronic World Atlas of Varieties of English. Zenodo. DOI: 10.5281/zenodo.3712132, http://ewave-atlas.org, last accessed 14.02.2024","Kortmann, Bernd, Kerstin Lunkenheimer, and Katharina Ehret (eds.). 2020. The Electronic World Atlas of Varieties of English. Zenodo. DOI: 10.5281/zenodo.3712132, http://ewave-atlas.org, last accessed 14.02.2024","Kortmann, Bernd, Kerstin Lunkenheimer, and Katharina Ehret (eds.). 2020. The Electronic World Atlas of Varieties of English. Zenodo. DOI: 10.5281/zenodo.3712132, http://ewave-atlas.org, last accessed 14.02.2024","Kortmann, Bernd, Kerstin Lunkenheimer, and Katharina Ehret (eds.). 2020. The Electronic World Atlas of Varieties of English. Zenodo. DOI: 10.5281/zenodo.3712132, http://ewave-atlas.org, last accessed 14.02.2024",generated within project,"Kortmann, Bernd, Kerstin Lunkenheimer, and Katharina Ehret (eds.). 2020. The Electronic World Atlas of Varieties of English. Zenodo. DOI: 10.5281/zenodo.3712132, http://ewave-atlas.org, last accessed 14.02.2024","Kortmann, Bernd, Kerstin Lunkenheimer, and Katharina Ehret (eds.). 2020. The Electronic World Atlas of Varieties of English. Zenodo. DOI: 10.5281/zenodo.3712132, http://ewave-atlas.org, last accessed 14.02.2024","Kortmann, Bernd, Kerstin Lunkenheimer, and Katharina Ehret (eds.). 2020. The Electronic World Atlas of Varieties of English. Zenodo. DOI: 10.5281/zenodo.3712132, http://ewave-atlas.org, last accessed 14.02.2024","The World Factbook. 2021. Washington, DC: Central Intelligence Agency, 2021, https://www.cia.gov/, last accessed 14.02.2024","Demographic Statistics Database, United Nations Statistics Division, “Net migration rate (per 1,000 population)“, http://data.un.org/Default.aspx,  last accessed 29.04.2025","Afrobarometer Data, Ghana Round 9 Summary of Results, 2022, http://www.afrobarometer.org, last accessed 03.05.2023; United Nations Statistics Division, Demographic Statistics Database, “Population Censuses' Datasets (1995 - Present), Population by Language, Sex and Urban/Rural Residence”, http://data.un.org/Default.aspx, last accessed 04.04.2023","Afrobarometer Data, Ghana Round 9 Summary of Results, 2022, http://www.afrobarometer.org, last accessed 03.05.2023","Hammarström, Harald, Robert Forkel, Martin Haspelmath, and Sebastian Bank. 2023. Glottolog 4.8. Leipzig: Max Planck Institute for Evolutionary Anthropology. https://doi.org/10.5281/zenodo.8131084, http://glottolog.org, last accessed 19.02.2024","Ghana Statistical Service. 2022. Census 2021, General Volume 3B, Age and Sex Profile, Table 5.1 “National: Population by single age, sex, type of locality and region”, https://census2020.statsghana.gov.gh/gssmain/fileUpload/reportthemelist/Volume%203%20Highlights.pdf, last accessed 22.05.2025a; Ghana Statistical Service. 2022. Census 2021, General Report Highlights, Volume 3, “Age-specific fertility rate” (p.87), https://census2021.statsghana.gov.gh/gssmain/fileUpload/reportthemelist/Volume%203%20Highlights.pdf, last accessed 22.05.2025; Magnus Huber p.c. 18.06.2023; Afrifa, Grace Ampomaa, Jemima Asabea Anderson, and Gladys Nyarko Ansah. 2019. The choice of English as a home language in urban Ghana. Current Issues in Language Planning 20 (4) : 418–434.","Ghana Statistical Service. 2022. Census 2021, General Volume 3B, Age and Sex Profile, Table 5.1 “National: Population by single age, sex, type of locality and region”, https://census2020.statsghana.gov.gh/gssmain/fileUpload/reportthemelist/Volume%203%20Highlights.pdf, last accessed 22.05.2025; Ghana Statistical Service. 2022. Census 2021, General Report Literacy and Education, Volume 3D, “Figure 4.5: Proportion of the Population 6 Years and older who are Literate by Type of Locality”,https://statsghana.gov.gh/searchread.php?searchfound=NzgzMDMzNDQyNTcuMDc2/search/4623qq863s, last accessed 22.05.2025"
41,Nigerian English,"Kortmann, Bernd, Kerstin Lunkenheimer, and Katharina Ehret (eds.). 2020. The Electronic World Atlas of Varieties of English. Zenodo. DOI: 10.5281/zenodo.3712132, http://ewave-atlas.org, last accessed 14.02.2024","Kortmann, Bernd, Kerstin Lunkenheimer, and Katharina Ehret (eds.). 2020. The Electronic World Atlas of Varieties of English. Zenodo. DOI: 10.5281/zenodo.3712132, http://ewave-atlas.org, last accessed 14.02.2024","Kortmann, Bernd, Kerstin Lunkenheimer, and Katharina Ehret (eds.). 2020. The Electronic World Atlas of Varieties of English. Zenodo. DOI: 10.5281/zenodo.3712132, http://ewave-atlas.org, last accessed 14.02.2024","Kortmann, Bernd, Kerstin Lunkenheimer, and Katharina Ehret (eds.). 2020. The Electronic World Atlas of Varieties of English. Zenodo. DOI: 10.5281/zenodo.3712132, http://ewave-atlas.org, last accessed 14.02.2024","Kortmann, Bernd, Kerstin Lunkenheimer, and Katharina Ehret (eds.). 2020. The Electronic World Atlas of Varieties of English. Zenodo. DOI: 10.5281/zenodo.3712132, http://ewave-atlas.org, last accessed 14.02.2024","Kortmann, Bernd, Kerstin Lunkenheimer, and Katharina Ehret (eds.). 2020. The Electronic World Atlas of Varieties of English. Zenodo. DOI: 10.5281/zenodo.3712132, http://ewave-atlas.org, last accessed 14.02.2024",generated within project,"Kortmann, Bernd, Kerstin Lunkenheimer, and Katharina Ehret (eds.). 2020. The Electronic World Atlas of Varieties of English. Zenodo. DOI: 10.5281/zenodo.3712132, http://ewave-atlas.org, last accessed 14.02.2024","Kortmann, Bernd, Kerstin Lunkenheimer, and Katharina Ehret (eds.). 2020. The Electronic World Atlas of Varieties of English. Zenodo. DOI: 10.5281/zenodo.3712132, http://ewave-atlas.org, last accessed 14.02.2024","Kortmann, Bernd, Kerstin Lunkenheimer, and Katharina Ehret (eds.). 2020. The Electronic World Atlas of Varieties of English. Zenodo. DOI: 10.5281/zenodo.3712132, http://ewave-atlas.org, last accessed 14.02.2024","The World Factbook. 2021. Washington, DC: Central Intelligence Agency, 2021, https://www.cia.gov/, last accessed 14.02.2024","Demographic Statistics Database, United Nations Statistics Division, “Net migration rate (per 1,000 population)“, http://data.un.org/Default.aspx,  last accessed 29.04.2025","Afrobarometer Data, Nigeria Round 9 Summary of Results , 2022, http://www.afrobarometer.org, last accessed 03.05.2023; United Nations Statistics Division, Demographic Statistics Database, “Population Censuses' Datasets (1995 - Present), Population by Language, Sex and Urban/Rural Residence”, http://data.un.org/Default.aspx, last accessed 04.04.2023","Afrobarometer Data, Nigeria Round 9 Summary of Results , 2022, http://www.afrobarometer.org, last accessed 03.05.2023","Hammarström, Harald, Robert Forkel, Martin Haspelmath, and Sebastian Bank. 2023. Glottolog 4.8. Leipzig: Max Planck Institute for Evolutionary Anthropology. https://doi.org/10.5281/zenodo.8131084, http://glottolog.org, last accessed 19.02.2024","Afrobarometer Data, Nigeria, Round 9, 2022, https://www.afrobarometer.org/publication/nigeria-round-9-summary-of-results/, last accessed 06.07.2023, and Kingsley Ugwuanyi, p.c. 19.07. and 27.07.2023","Kingsley Ugwuanyi, p.c. 19.07. and 27.07.2023;  
Honkanen, Mirka. 2020. World Englishes on the Web: The Nigerian Diaspora in the USA (Varieties of English Around the World G63). Amsterdam & Philadelphia: John Benjamins."
46,Kenyan English,"Kortmann, Bernd, Kerstin Lunkenheimer, and Katharina Ehret (eds.). 2020. The Electronic World Atlas of Varieties of English. Zenodo. DOI: 10.5281/zenodo.3712132, http://ewave-atlas.org, last accessed 14.02.2024","Kortmann, Bernd, Kerstin Lunkenheimer, and Katharina Ehret (eds.). 2020. The Electronic World Atlas of Varieties of English. Zenodo. DOI: 10.5281/zenodo.3712132, http://ewave-atlas.org, last accessed 14.02.2024","Kortmann, Bernd, Kerstin Lunkenheimer, and Katharina Ehret (eds.). 2020. The Electronic World Atlas of Varieties of English. Zenodo. DOI: 10.5281/zenodo.3712132, http://ewave-atlas.org, last accessed 14.02.2024","Kortmann, Bernd, Kerstin Lunkenheimer, and Katharina Ehret (eds.). 2020. The Electronic World Atlas of Varieties of English. Zenodo. DOI: 10.5281/zenodo.3712132, http://ewave-atlas.org, last accessed 14.02.2024","Kortmann, Bernd, Kerstin Lunkenheimer, and Katharina Ehret (eds.). 2020. The Electronic World Atlas of Varieties of English. Zenodo. DOI: 10.5281/zenodo.3712132, http://ewave-atlas.org, last accessed 14.02.2024","Kortmann, Bernd, Kerstin Lunkenheimer, and Katharina Ehret (eds.). 2020. The Electronic World Atlas of Varieties of English. Zenodo. DOI: 10.5281/zenodo.3712132, http://ewave-atlas.org, last accessed 14.02.2024",generated within project,"Kortmann, Bernd, Kerstin Lunkenheimer, and Katharina Ehret (eds.). 2020. The Electronic World Atlas of Varieties of English. Zenodo. DOI: 10.5281/zenodo.3712132, http://ewave-atlas.org, last accessed 14.02.2024","Kortmann, Bernd, Kerstin Lunkenheimer, and Katharina Ehret (eds.). 2020. The Electronic World Atlas of Varieties of English. Zenodo. DOI: 10.5281/zenodo.3712132, http://ewave-atlas.org, last accessed 14.02.2024","Kortmann, Bernd, Kerstin Lunkenheimer, and Katharina Ehret (eds.). 2020. The Electronic World Atlas of Varieties of English. Zenodo. DOI: 10.5281/zenodo.3712132, http://ewave-atlas.org, last accessed 14.02.2024","The World Factbook. 2021. Washington, DC: Central Intelligence Agency, 2021, https://www.cia.gov/, last accessed 14.02.2024","Demographic Statistics Database, United Nations Statistics Division, “Net migration rate (per 1,000 population)“, http://data.un.org/Default.aspx,  last accessed 29.04.2025","Open Africa data, “Language: Kenya SOR 2019”,  https://open.africa/, last accessed 08.05.2023; United Nations Statistics Division, Demographic Statistics Database, “Population Censuses' Datasets (1995 - Present), Population by Language, Sex and Urban/Rural Residence”, http://data.un.org/Default.aspx, last accessed 04.04.2023","Open Africa data, “Language: Kenya SOR 2019”,  https://open.africa/, last accessed 08.05.2023 ","Hammarström, Harald, Robert Forkel, Martin Haspelmath, and Sebastian Bank. 2023. Glottolog 4.8. Leipzig: Max Planck Institute for Evolutionary Anthropology. https://doi.org/10.5281/zenodo.8131084, http://glottolog.org, last accessed 19.02.2024","Open Africa data, https://open.africa/, “Kenya SOR Language: 2019”, https://open.africa/dataset/afro-barometer-survey-kenya-summary-of-results-2019, last accessed 08.05.2023
","Alfred Buregeya, p.c. 29.06.2023"
47,Ugandan English,"Kortmann, Bernd, Kerstin Lunkenheimer, and Katharina Ehret (eds.). 2020. The Electronic World Atlas of Varieties of English. Zenodo. DOI: 10.5281/zenodo.3712132, http://ewave-atlas.org, last accessed 14.02.2024","Kortmann, Bernd, Kerstin Lunkenheimer, and Katharina Ehret (eds.). 2020. The Electronic World Atlas of Varieties of English. Zenodo. DOI: 10.5281/zenodo.3712132, http://ewave-atlas.org, last accessed 14.02.2024","Kortmann, Bernd, Kerstin Lunkenheimer, and Katharina Ehret (eds.). 2020. The Electronic World Atlas of Varieties of English. Zenodo. DOI: 10.5281/zenodo.3712132, http://ewave-atlas.org, last accessed 14.02.2024","Kortmann, Bernd, Kerstin Lunkenheimer, and Katharina Ehret (eds.). 2020. The Electronic World Atlas of Varieties of English. Zenodo. DOI: 10.5281/zenodo.3712132, http://ewave-atlas.org, last accessed 14.02.2024","Kortmann, Bernd, Kerstin Lunkenheimer, and Katharina Ehret (eds.). 2020. The Electronic World Atlas of Varieties of English. Zenodo. DOI: 10.5281/zenodo.3712132, http://ewave-atlas.org, last accessed 14.02.2024","Kortmann, Bernd, Kerstin Lunkenheimer, and Katharina Ehret (eds.). 2020. The Electronic World Atlas of Varieties of English. Zenodo. DOI: 10.5281/zenodo.3712132, http://ewave-atlas.org, last accessed 14.02.2024",generated within project,"Kortmann, Bernd, Kerstin Lunkenheimer, and Katharina Ehret (eds.). 2020. The Electronic World Atlas of Varieties of English. Zenodo. DOI: 10.5281/zenodo.3712132, http://ewave-atlas.org, last accessed 14.02.2024","Kortmann, Bernd, Kerstin Lunkenheimer, and Katharina Ehret (eds.). 2020. The Electronic World Atlas of Varieties of English. Zenodo. DOI: 10.5281/zenodo.3712132, http://ewave-atlas.org, last accessed 14.02.2024","Kortmann, Bernd, Kerstin Lunkenheimer, and Katharina Ehret (eds.). 2020. The Electronic World Atlas of Varieties of English. Zenodo. DOI: 10.5281/zenodo.3712132, http://ewave-atlas.org, last accessed 14.02.2024","The World Factbook. 2021. Washington, DC: Central Intelligence Agency, 2021, https://www.cia.gov/, last accessed 14.02.2024","Demographic Statistics Database, United Nations Statistics Division, “Net migration rate (per 1,000 population)“, http://data.un.org/Default.aspx,  last accessed 29.04.2025","Afrobarometer Data, Uganda Round 8 Summary of Results, 2021, http://www.afrobarometer.org. last accessed 03.05.2023; United Nations Statistics Division, Demographic Statistics Database, “Population Censuses' Datasets (1995 - Present), Population by Language, Sex and Urban/Rural Residence”, http://data.un.org/Default.aspx, last accessed 04.04.2023","Afrobarometer Data, Uganda Round 8 Summary of Results, 2021, http://www.afrobarometer.org. last accessed 03.05.2023","Hammarström, Harald, Robert Forkel, Martin Haspelmath, and Sebastian Bank. 2023. Glottolog 4.8. Leipzig: Max Planck Institute for Evolutionary Anthropology. https://doi.org/10.5281/zenodo.8131084, http://glottolog.org, last accessed 19.02.2024","Afrobarometer Data, Uganda, Round 8, 2021, https://www.afrobarometer.org/publication/summary-results-afrobarometer-round-8-survey-uganda-2019-0/, last accessed 06.07.2023
","Uganda Bureau of Statistics, 2024, National Population And Housing Census 2024, Final Report - Volume 1 (Main), Kampala, Uganda, Figure 4.6 “Percentage Distribution of Persons Aged 10 and above by Highest level of Education attainment”, and “Table 2.3A: Total Population by five-year Age Group and Sex”, https://www.ubos.org/nphc-2024-census-page/, last accessed 15.01.2024; Namyalo, Saudah, Bebwa Isingoma, and Christiane Meierkord. 2016. Towards assessing the space of English in Uganda’s linguistic ecology. In Christiane Meierkord, Bebwa Isingoma, and Saudah Namyalo (eds.), Ugandan English: its Sociolinguistics, Structure and Uses in a Globalising Post-Protectorate. John Benjamins Publishing Company 2016: 19–49."
52,Indian English,"Kortmann, Bernd, Kerstin Lunkenheimer, and Katharina Ehret (eds.). 2020. The Electronic World Atlas of Varieties of English. Zenodo. DOI: 10.5281/zenodo.3712132, http://ewave-atlas.org, last accessed 14.02.2024","Kortmann, Bernd, Kerstin Lunkenheimer, and Katharina Ehret (eds.). 2020. The Electronic World Atlas of Varieties of English. Zenodo. DOI: 10.5281/zenodo.3712132, http://ewave-atlas.org, last accessed 14.02.2024","Kortmann, Bernd, Kerstin Lunkenheimer, and Katharina Ehret (eds.). 2020. The Electronic World Atlas of Varieties of English. Zenodo. DOI: 10.5281/zenodo.3712132, http://ewave-atlas.org, last accessed 14.02.2024","Kortmann, Bernd, Kerstin Lunkenheimer, and Katharina Ehret (eds.). 2020. The Electronic World Atlas of Varieties of English. Zenodo. DOI: 10.5281/zenodo.3712132, http://ewave-atlas.org, last accessed 14.02.2024","Kortmann, Bernd, Kerstin Lunkenheimer, and Katharina Ehret (eds.). 2020. The Electronic World Atlas of Varieties of English. Zenodo. DOI: 10.5281/zenodo.3712132, http://ewave-atlas.org, last accessed 14.02.2024","Kortmann, Bernd, Kerstin Lunkenheimer, and Katharina Ehret (eds.). 2020. The Electronic World Atlas of Varieties of English. Zenodo. DOI: 10.5281/zenodo.3712132, http://ewave-atlas.org, last accessed 14.02.2024",generated within project,"Kortmann, Bernd, Kerstin Lunkenheimer, and Katharina Ehret (eds.). 2020. The Electronic World Atlas of Varieties of English. Zenodo. DOI: 10.5281/zenodo.3712132, http://ewave-atlas.org, last accessed 14.02.2024","Kortmann, Bernd, Kerstin Lunkenheimer, and Katharina Ehret (eds.). 2020. The Electronic World Atlas of Varieties of English. Zenodo. DOI: 10.5281/zenodo.3712132, http://ewave-atlas.org, last accessed 14.02.2024","Kortmann, Bernd, Kerstin Lunkenheimer, and Katharina Ehret (eds.). 2020. The Electronic World Atlas of Varieties of English. Zenodo. DOI: 10.5281/zenodo.3712132, http://ewave-atlas.org, last accessed 14.02.2024","The World Factbook. 2021. Washington, DC: Central Intelligence Agency, 2021, https://www.cia.gov/, last accessed 14.02.2024","Demographic Statistics Database, United Nations Statistics Division, “Net migration rate (per 1,000 population)“, http://data.un.org/Default.aspx,  last accessed 29.04.2025","Office of Registrar General and Census Commissioner, India, Ministry of Home Affairs, Census Tables, Census 2011, C-16 “Population by Mother Tongue”, Table on India, https://censusindia.gov.in/census.website/data/census-tables, last accessed 06.04.2023","Office of Registrar General and Census Commissioner, India, Ministry of Home Affairs, Census Tables, Census 2011, C-16 “Population by Mother Tongue”, Table on India, https://censusindia.gov.in/census.website/data/census-tables, last accessed 06.04.2023","Hammarström, Harald, Robert Forkel, Martin Haspelmath, and Sebastian Bank. 2023. Glottolog 4.8. Leipzig: Max Planck Institute for Evolutionary Anthropology. https://doi.org/10.5281/zenodo.8131084, http://glottolog.org, last accessed 19.02.2024","Office of Registrar General and Census Commissioner, India, Ministry of Home Affairs, Census Tables, Census 2011, C-16 “Population by Mother Tongue”, Table on India, https://censusindia.gov.in/census.website/data/census-tables, last accessed 06.04.2023","Office of Registrar General and Census Commissioner, India, Ministry of Home Affairs, Census Tables, Census 2011, C-17 “Population by Bilingualism and Trilingualism”, Table on India, https://censusindia.gov.in/census.website/data/census-tables, last accessed 06.04.2023"
55,Sri Lankan English,"Kortmann, Bernd, Kerstin Lunkenheimer, and Katharina Ehret (eds.). 2020. The Electronic World Atlas of Varieties of English. Zenodo. DOI: 10.5281/zenodo.3712132, http://ewave-atlas.org, last accessed 14.02.2024","Kortmann, Bernd, Kerstin Lunkenheimer, and Katharina Ehret (eds.). 2020. The Electronic World Atlas of Varieties of English. Zenodo. DOI: 10.5281/zenodo.3712132, http://ewave-atlas.org, last accessed 14.02.2024","Kortmann, Bernd, Kerstin Lunkenheimer, and Katharina Ehret (eds.). 2020. The Electronic World Atlas of Varieties of English. Zenodo. DOI: 10.5281/zenodo.3712132, http://ewave-atlas.org, last accessed 14.02.2024","Kortmann, Bernd, Kerstin Lunkenheimer, and Katharina Ehret (eds.). 2020. The Electronic World Atlas of Varieties of English. Zenodo. DOI: 10.5281/zenodo.3712132, http://ewave-atlas.org, last accessed 14.02.2024","Kortmann, Bernd, Kerstin Lunkenheimer, and Katharina Ehret (eds.). 2020. The Electronic World Atlas of Varieties of English. Zenodo. DOI: 10.5281/zenodo.3712132, http://ewave-atlas.org, last accessed 14.02.2024","Kortmann, Bernd, Kerstin Lunkenheimer, and Katharina Ehret (eds.). 2020. The Electronic World Atlas of Varieties of English. Zenodo. DOI: 10.5281/zenodo.3712132, http://ewave-atlas.org, last accessed 14.02.2024",generated within project,"Kortmann, Bernd, Kerstin Lunkenheimer, and Katharina Ehret (eds.). 2020. The Electronic World Atlas of Varieties of English. Zenodo. DOI: 10.5281/zenodo.3712132, http://ewave-atlas.org, last accessed 14.02.2024","Kortmann, Bernd, Kerstin Lunkenheimer, and Katharina Ehret (eds.). 2020. The Electronic World Atlas of Varieties of English. Zenodo. DOI: 10.5281/zenodo.3712132, http://ewave-atlas.org, last accessed 14.02.2024","Kortmann, Bernd, Kerstin Lunkenheimer, and Katharina Ehret (eds.). 2020. The Electronic World Atlas of Varieties of English. Zenodo. DOI: 10.5281/zenodo.3712132, http://ewave-atlas.org, last accessed 14.02.2024","The World Factbook. 2021. Washington, DC: Central Intelligence Agency, 2021, https://www.cia.gov/, last accessed 14.02.2024","Demographic Statistics Database, United Nations Statistics Division, “Net migration rate (per 1,000 population)“, http://data.un.org/Default.aspx,  last accessed 29.04.2025","United Nations Statistics Division, Demographic Statistics Database, “Population Censuses' Datasets (1995 - Present), Population by Language, Sex and Urban/Rural Residence”, http://data.un.org/Default.aspx, last accessed 04.04.2023","United Nations Statistics Division, Demographic Statistics Database, “Population Censuses' Datasets (1995 - Present), Population by Language, Sex and Urban/Rural Residence”, http://data.un.org/Default.aspx, last accessed 04.04.2023","Hammarström, Harald, Robert Forkel, Martin Haspelmath, and Sebastian Bank. 2023. Glottolog 4.8. Leipzig: Max Planck Institute for Evolutionary Anthropology. https://doi.org/10.5281/zenodo.8131084, http://glottolog.org, last accessed 19.02.2024","World Bank Open Data, https://data.worldbank.org/, last accessed 08.05.2023; Liyanage, Indika. 2022. English Language Education Policy in Sri Lanka: Historical Developments, Current Realities and Future Challenges. In: Ee Ling Low and Anne Pakir (eds.), English in East and South Asia: Policy, Features and Language in Use, Routledge Studies in World Englishes. London/New York: Routledge. ","Department of Census and Statistics, Census of Population and Housing 2012, Provisional information based on 5% sample, Table A18 “Percentage Distribution of Population (10 Years and Over) According to Language Ability by Sex and Sector”, http://www.statistics.gov.lk/Resource/en/Population/CPH_2011/CPH_2012_5Per_Rpt.pdf, last accessed 07.06.2023 from; Tobias Bernaisch, p.c. 21.08.2023"
56,Hong Kong English,"Kortmann, Bernd, Kerstin Lunkenheimer, and Katharina Ehret (eds.). 2020. The Electronic World Atlas of Varieties of English. Zenodo. DOI: 10.5281/zenodo.3712132, http://ewave-atlas.org, last accessed 14.02.2024","Kortmann, Bernd, Kerstin Lunkenheimer, and Katharina Ehret (eds.). 2020. The Electronic World Atlas of Varieties of English. Zenodo. DOI: 10.5281/zenodo.3712132, http://ewave-atlas.org, last accessed 14.02.2024","Kortmann, Bernd, Kerstin Lunkenheimer, and Katharina Ehret (eds.). 2020. The Electronic World Atlas of Varieties of English. Zenodo. DOI: 10.5281/zenodo.3712132, http://ewave-atlas.org, last accessed 14.02.2024","Kortmann, Bernd, Kerstin Lunkenheimer, and Katharina Ehret (eds.). 2020. The Electronic World Atlas of Varieties of English. Zenodo. DOI: 10.5281/zenodo.3712132, http://ewave-atlas.org, last accessed 14.02.2024","Kortmann, Bernd, Kerstin Lunkenheimer, and Katharina Ehret (eds.). 2020. The Electronic World Atlas of Varieties of English. Zenodo. DOI: 10.5281/zenodo.3712132, http://ewave-atlas.org, last accessed 14.02.2024","Kortmann, Bernd, Kerstin Lunkenheimer, and Katharina Ehret (eds.). 2020. The Electronic World Atlas of Varieties of English. Zenodo. DOI: 10.5281/zenodo.3712132, http://ewave-atlas.org, last accessed 14.02.2024",generated within project,"Kortmann, Bernd, Kerstin Lunkenheimer, and Katharina Ehret (eds.). 2020. The Electronic World Atlas of Varieties of English. Zenodo. DOI: 10.5281/zenodo.3712132, http://ewave-atlas.org, last accessed 14.02.2024","Kortmann, Bernd, Kerstin Lunkenheimer, and Katharina Ehret (eds.). 2020. The Electronic World Atlas of Varieties of English. Zenodo. DOI: 10.5281/zenodo.3712132, http://ewave-atlas.org, last accessed 14.02.2024","Kortmann, Bernd, Kerstin Lunkenheimer, and Katharina Ehret (eds.). 2020. The Electronic World Atlas of Varieties of English. Zenodo. DOI: 10.5281/zenodo.3712132, http://ewave-atlas.org, last accessed 14.02.2024","The World Factbook. 2021. Washington, DC: Central Intelligence Agency, 2021, https://www.cia.gov/, last accessed 14.02.2024","Demographic Statistics Database, United Nations Statistics Division, “Net migration rate (per 1,000 population)“, http://data.un.org/Default.aspx,  last accessed 29.04.2025","United Nations Statistics Division, Demographic Statistics Database, “Population Censuses' Datasets (1995 - Present), Population by Language, Sex and Urban/Rural Residence”, http://data.un.org/Default.aspx, last accessed 04.04.2023","United Nations Statistics Division, Demographic Statistics Database, “Population Censuses' Datasets (1995 - Present), Population by Language, Sex and Urban/Rural Residence”, http://data.un.org/Default.aspx, last accessed 04.04.2023","Hammarström, Harald, Robert Forkel, Martin Haspelmath, and Sebastian Bank. 2023. Glottolog 4.8. Leipzig: Max Planck Institute for Evolutionary Anthropology. https://doi.org/10.5281/zenodo.8131084, http://glottolog.org, last accessed 19.02.2024","Demographic Statistics Database, United Nations Statistics Division, “Population Censuses' Datasets (1995 - Present), Population by Language, Sex and Urban/Rural Residence”, https://unstats.un.org/unsd/demographic-social/products/dyb/dybcensusdata.cshtml,  last accessed 04.04.2023","Census and Statistics Department, Population by-census main results, Table 3.12 “Proportion of Population Aged 5 and Over Able to Speak Selected Languages/ Dialects, 2006, 2011 and 2016”, https://www.bycensus2016.gov.hk/data/16bc-main-results.pdf, last accessed 11.07.2023 "
57,Colloquial Singapore English (Singlish),"Kortmann, Bernd, Kerstin Lunkenheimer, and Katharina Ehret (eds.). 2020. The Electronic World Atlas of Varieties of English. Zenodo. DOI: 10.5281/zenodo.3712132, http://ewave-atlas.org, last accessed 14.02.2024","Kortmann, Bernd, Kerstin Lunkenheimer, and Katharina Ehret (eds.). 2020. The Electronic World Atlas of Varieties of English. Zenodo. DOI: 10.5281/zenodo.3712132, http://ewave-atlas.org, last accessed 14.02.2024","Kortmann, Bernd, Kerstin Lunkenheimer, and Katharina Ehret (eds.). 2020. The Electronic World Atlas of Varieties of English. Zenodo. DOI: 10.5281/zenodo.3712132, http://ewave-atlas.org, last accessed 14.02.2024","Kortmann, Bernd, Kerstin Lunkenheimer, and Katharina Ehret (eds.). 2020. The Electronic World Atlas of Varieties of English. Zenodo. DOI: 10.5281/zenodo.3712132, http://ewave-atlas.org, last accessed 14.02.2024","Kortmann, Bernd, Kerstin Lunkenheimer, and Katharina Ehret (eds.). 2020. The Electronic World Atlas of Varieties of English. Zenodo. DOI: 10.5281/zenodo.3712132, http://ewave-atlas.org, last accessed 14.02.2024","Kortmann, Bernd, Kerstin Lunkenheimer, and Katharina Ehret (eds.). 2020. The Electronic World Atlas of Varieties of English. Zenodo. DOI: 10.5281/zenodo.3712132, http://ewave-atlas.org, last accessed 14.02.2024",generated within project,"Kortmann, Bernd, Kerstin Lunkenheimer, and Katharina Ehret (eds.). 2020. The Electronic World Atlas of Varieties of English. Zenodo. DOI: 10.5281/zenodo.3712132, http://ewave-atlas.org, last accessed 14.02.2024","Kortmann, Bernd, Kerstin Lunkenheimer, and Katharina Ehret (eds.). 2020. The Electronic World Atlas of Varieties of English. Zenodo. DOI: 10.5281/zenodo.3712132, http://ewave-atlas.org, last accessed 14.02.2024","Kortmann, Bernd, Kerstin Lunkenheimer, and Katharina Ehret (eds.). 2020. The Electronic World Atlas of Varieties of English. Zenodo. DOI: 10.5281/zenodo.3712132, http://ewave-atlas.org, last accessed 14.02.2024","The World Factbook. 2021. Washington, DC: Central Intelligence Agency, 2021, https://www.cia.gov/, last accessed 14.02.2024","Demographic Statistics Database, United Nations Statistics Division, “Net migration rate (per 1,000 population)“, http://data.un.org/Default.aspx,  last accessed 29.04.2025","United Nations Statistics Division, Demographic Statistics Database, “Population Censuses' Datasets (1995 - Present), Population by Language, Sex and Urban/Rural Residence”, http://data.un.org/Default.aspx, last accessed 04.04.2023","United Nations Statistics Division, Demographic Statistics Database, “Population Censuses' Datasets (1995 - Present), Population by Language, Sex and Urban/Rural Residence”, http://data.un.org/Default.aspx, last accessed 04.04.2023","Hammarström, Harald, Robert Forkel, Martin Haspelmath, and Sebastian Bank. 2023. Glottolog 4.8. Leipzig: Max Planck Institute for Evolutionary Anthropology. https://doi.org/10.5281/zenodo.8131084, http://glottolog.org, last accessed 19.02.2024","Department of Statistics Singapore, Census of Population 2020 Statistical Release 1: Demographic Characteristics, Education, Language and Religion, Table 41   “Resident Population Aged 5 Years and Over by Language Most/ Second Most Frequently Spoken at Home, Age Group and Ethnic Group”, https://www.singstat.gov.sg/-/media/files/publications/cop2020/sr1/cop2020sr1.ashx, last accessed 24.02.24
","Department of Statistics Singapore, Census of Population 2020 Statistical Release 1: Demographic Characteristics, Education, Language and Religion, Table 41  “Resident Population Aged 5 Years and Over by Language Most/ Second Most Frequently Spoken at Home, Age Group and Ethnic Group”, Entry for English, https://www.singstat.gov.sg/-/media/files/publications/cop2020/sr1/cop2020sr1.ashx, last accessed 24.02.24; Kortmann, Bernd, Kerstin Lunkenheimer, and Katharina Ehret (eds.). 2020. The Electronic World Atlas of Varieties of English. Zenodo. DOI: 10.5281/zenodo.3712132, http://ewave-atlas.org, last accessed 24.02.2024"
59,Australian English,"Kortmann, Bernd, Kerstin Lunkenheimer, and Katharina Ehret (eds.). 2020. The Electronic World Atlas of Varieties of English. Zenodo. DOI: 10.5281/zenodo.3712132, http://ewave-atlas.org, last accessed 14.02.2024","Kortmann, Bernd, Kerstin Lunkenheimer, and Katharina Ehret (eds.). 2020. The Electronic World Atlas of Varieties of English. Zenodo. DOI: 10.5281/zenodo.3712132, http://ewave-atlas.org, last accessed 14.02.2024","Kortmann, Bernd, Kerstin Lunkenheimer, and Katharina Ehret (eds.). 2020. The Electronic World Atlas of Varieties of English. Zenodo. DOI: 10.5281/zenodo.3712132, http://ewave-atlas.org, last accessed 14.02.2024","Kortmann, Bernd, Kerstin Lunkenheimer, and Katharina Ehret (eds.). 2020. The Electronic World Atlas of Varieties of English. Zenodo. DOI: 10.5281/zenodo.3712132, http://ewave-atlas.org, last accessed 14.02.2024","Kortmann, Bernd, Kerstin Lunkenheimer, and Katharina Ehret (eds.). 2020. The Electronic World Atlas of Varieties of English. Zenodo. DOI: 10.5281/zenodo.3712132, http://ewave-atlas.org, last accessed 14.02.2024","Kortmann, Bernd, Kerstin Lunkenheimer, and Katharina Ehret (eds.). 2020. The Electronic World Atlas of Varieties of English. Zenodo. DOI: 10.5281/zenodo.3712132, http://ewave-atlas.org, last accessed 14.02.2024",generated within project,"Kortmann, Bernd, Kerstin Lunkenheimer, and Katharina Ehret (eds.). 2020. The Electronic World Atlas of Varieties of English. Zenodo. DOI: 10.5281/zenodo.3712132, http://ewave-atlas.org, last accessed 14.02.2024","Kortmann, Bernd, Kerstin Lunkenheimer, and Katharina Ehret (eds.). 2020. The Electronic World Atlas of Varieties of English. Zenodo. DOI: 10.5281/zenodo.3712132, http://ewave-atlas.org, last accessed 14.02.2024","Kortmann, Bernd, Kerstin Lunkenheimer, and Katharina Ehret (eds.). 2020. The Electronic World Atlas of Varieties of English. Zenodo. DOI: 10.5281/zenodo.3712132, http://ewave-atlas.org, last accessed 14.02.2024","The World Factbook. 2021. Washington, DC: Central Intelligence Agency, 2021, https://www.cia.gov/, last accessed 14.02.2024","Demographic Statistics Database, United Nations Statistics Division, “Net migration rate (per 1,000 population)“, http://data.un.org/Default.aspx,  last accessed 29.04.2025","Australian Bureau of Statistics, Census of Population and Housing 2021, Cultural diversity data summary,Table 5 “Language Used at Home by State and Territory”, https://www.abs.gov.au/statistics/people/people-and-communities/cultural-diversity-census/2021, last accessed 09.06.2023",NA,"Hammarström, Harald, Robert Forkel, Martin Haspelmath, and Sebastian Bank. 2023. Glottolog 4.8. Leipzig: Max Planck Institute for Evolutionary Anthropology. https://doi.org/10.5281/zenodo.8131084, http://glottolog.org, last accessed 19.02.2024","Australian Bureau of Statistics, Census of Population and Housing 2021, Cultural Diversity data summary, Information on country of birth, year of arrival, ancestry, language and religion, Table 5 “Language Used at Home by State and Territory”, https://www.abs.gov.au/statistics/people/people-and-communities/cultural-diversity-census/2021 last accessed 09.06.2023","Australian Bureau of Statistics, Census of Population and Housing, Cultural diversity data summary, Table 6 “Proficiency in spoken English (a) by year of arrival in Australia”, https://www.abs.gov.au/statistics/people/people-and-communities/cultural-diversity-census/latest-release,  last accessed 09.06.2023

"
64,New Zealand English,"Kortmann, Bernd, Kerstin Lunkenheimer, and Katharina Ehret (eds.). 2020. The Electronic World Atlas of Varieties of English. Zenodo. DOI: 10.5281/zenodo.3712132, http://ewave-atlas.org, last accessed 14.02.2024","Kortmann, Bernd, Kerstin Lunkenheimer, and Katharina Ehret (eds.). 2020. The Electronic World Atlas of Varieties of English. Zenodo. DOI: 10.5281/zenodo.3712132, http://ewave-atlas.org, last accessed 14.02.2024","Kortmann, Bernd, Kerstin Lunkenheimer, and Katharina Ehret (eds.). 2020. The Electronic World Atlas of Varieties of English. Zenodo. DOI: 10.5281/zenodo.3712132, http://ewave-atlas.org, last accessed 14.02.2024","Kortmann, Bernd, Kerstin Lunkenheimer, and Katharina Ehret (eds.). 2020. The Electronic World Atlas of Varieties of English. Zenodo. DOI: 10.5281/zenodo.3712132, http://ewave-atlas.org, last accessed 14.02.2024","Kortmann, Bernd, Kerstin Lunkenheimer, and Katharina Ehret (eds.). 2020. The Electronic World Atlas of Varieties of English. Zenodo. DOI: 10.5281/zenodo.3712132, http://ewave-atlas.org, last accessed 14.02.2024","Kortmann, Bernd, Kerstin Lunkenheimer, and Katharina Ehret (eds.). 2020. The Electronic World Atlas of Varieties of English. Zenodo. DOI: 10.5281/zenodo.3712132, http://ewave-atlas.org, last accessed 14.02.2024",generated within project,"Kortmann, Bernd, Kerstin Lunkenheimer, and Katharina Ehret (eds.). 2020. The Electronic World Atlas of Varieties of English. Zenodo. DOI: 10.5281/zenodo.3712132, http://ewave-atlas.org, last accessed 14.02.2024","Kortmann, Bernd, Kerstin Lunkenheimer, and Katharina Ehret (eds.). 2020. The Electronic World Atlas of Varieties of English. Zenodo. DOI: 10.5281/zenodo.3712132, http://ewave-atlas.org, last accessed 14.02.2024","Kortmann, Bernd, Kerstin Lunkenheimer, and Katharina Ehret (eds.). 2020. The Electronic World Atlas of Varieties of English. Zenodo. DOI: 10.5281/zenodo.3712132, http://ewave-atlas.org, last accessed 14.02.2024","The World Factbook. 2021. Washington, DC: Central Intelligence Agency, 2021, https://www.cia.gov/, last accessed 14.02.2024","Demographic Statistics Database, United Nations Statistics Division, “Net migration rate (per 1,000 population)“, http://data.un.org/Default.aspx,  last accessed 29.04.2025","United Nations Statistics Division, Demographic Statistics Database, “Population Censuses' Datasets (1995 - Present), Population by Language, Sex and Urban/Rural Residence”, http://data.un.org/Default.aspx, last accessed 04.04.2023",NA,"Hammarström, Harald, Robert Forkel, Martin Haspelmath, and Sebastian Bank. 2023. Glottolog 4.8. Leipzig: Max Planck Institute for Evolutionary Anthropology. https://doi.org/10.5281/zenodo.8131084, http://glottolog.org, last accessed 19.02.2024","Stats NZ, 2018 Census, Section on Languages Spoken, Table “Number of Languages Spoken by People in New Zealand, 2018 Census”, and “Quick Stats About Languages Spoken for New Zealand (2018 Census)”,  https://www.stats.govt.nz/tools/2018-census-place-summaries/new-zealand#languages-spoken, last accessed 25.07.2023; Heidi Quinn, p.c. 20. and 21.06.2023","Stats NZ, 2018 Census, Section on Languages Spoken, Table “Number of languages spoken by people in New Zealand, 2018 Census”; Stats NZ, 2018 Census, “Quick stats about languages spoken for New Zealand (2018 Census)”, https://www.stats.govt.nz/tools/2018-census-place-summaries/new-zealand#languages-spoken, last accessed 25.07.2023; Heidi Quinn, p.c. 20. and 21. 06.2023"
75,Philippine English,"Kortmann, Bernd, Kerstin Lunkenheimer, and Katharina Ehret (eds.). 2020. The Electronic World Atlas of Varieties of English. Zenodo. DOI: 10.5281/zenodo.3712132, http://ewave-atlas.org, last accessed 14.02.2024","Kortmann, Bernd, Kerstin Lunkenheimer, and Katharina Ehret (eds.). 2020. The Electronic World Atlas of Varieties of English. Zenodo. DOI: 10.5281/zenodo.3712132, http://ewave-atlas.org, last accessed 14.02.2024","Kortmann, Bernd, Kerstin Lunkenheimer, and Katharina Ehret (eds.). 2020. The Electronic World Atlas of Varieties of English. Zenodo. DOI: 10.5281/zenodo.3712132, http://ewave-atlas.org, last accessed 14.02.2024","Kortmann, Bernd, Kerstin Lunkenheimer, and Katharina Ehret (eds.). 2020. The Electronic World Atlas of Varieties of English. Zenodo. DOI: 10.5281/zenodo.3712132, http://ewave-atlas.org, last accessed 14.02.2024","Kortmann, Bernd, Kerstin Lunkenheimer, and Katharina Ehret (eds.). 2020. The Electronic World Atlas of Varieties of English. Zenodo. DOI: 10.5281/zenodo.3712132, http://ewave-atlas.org, last accessed 14.02.2024","Kortmann, Bernd, Kerstin Lunkenheimer, and Katharina Ehret (eds.). 2020. The Electronic World Atlas of Varieties of English. Zenodo. DOI: 10.5281/zenodo.3712132, http://ewave-atlas.org, last accessed 14.02.2024",generated within project,"Kortmann, Bernd, Kerstin Lunkenheimer, and Katharina Ehret (eds.). 2020. The Electronic World Atlas of Varieties of English. Zenodo. DOI: 10.5281/zenodo.3712132, http://ewave-atlas.org, last accessed 14.02.2024","Kortmann, Bernd, Kerstin Lunkenheimer, and Katharina Ehret (eds.). 2020. The Electronic World Atlas of Varieties of English. Zenodo. DOI: 10.5281/zenodo.3712132, http://ewave-atlas.org, last accessed 14.02.2024","Kortmann, Bernd, Kerstin Lunkenheimer, and Katharina Ehret (eds.). 2020. The Electronic World Atlas of Varieties of English. Zenodo. DOI: 10.5281/zenodo.3712132, http://ewave-atlas.org, last accessed 14.02.2024","The World Factbook. 2021. Washington, DC: Central Intelligence Agency, 2021, https://www.cia.gov/, last accessed 14.02.2024","Demographic Statistics Database, United Nations Statistics Division, “Net migration rate (per 1,000 population)“, http://data.un.org/Default.aspx,  last accessed 29.04.2025"," Philippines Statistics Authority (PSA), Population and Housing, Press Release, “Tagalog is the Most Widely Spoken Language at Home (2020 Census of Population and Housing)”, Date of Release: 07 March 2023, Reference No. 2023-42, https://psa.gov.ph/system/files/phcd/02%20-Press%20Release%20on%20Language_Dialect%20Generally%20Spoken%20at%20Home_030323_PMMJ_CRD.pdf, last accessed 20.02.2024"," Philippines Statistics Authority (PSA), Population and Housing, Press Release, “Tagalog is the Most Widely Spoken Language at Home (2020 Census of Population and Housing)”, Date of Release: 07 March 2023, Reference No. 2023-42, https://psa.gov.ph/system/files/phcd/02%20-Press%20Release%20on%20Language_Dialect%20Generally%20Spoken%20at%20Home_030323_PMMJ_CRD.pdf, last accessed 20.02.2024","Hammarström, Harald, Robert Forkel, Martin Haspelmath, and Sebastian Bank. 2023. Glottolog 4.8. Leipzig: Max Planck Institute for Evolutionary Anthropology. https://doi.org/10.5281/zenodo.8131084, http://glottolog.org, last accessed 19.02.2024","Philippine Statistics Authority, 2020 Census of Population and Housing, Table 1 “Number of Households by Language/Dialect Generally Spoken at Home and Region: Philippines, https://psa.gov.ph/content/tagalog-most-widely-spoken-language-home-2020-census-population-and-housing, last accessed 08.09.2023; Philippine Statistics Authority, Household Population, Number of Households and Average Household Size of the Philippines (2020 Census of Population and Housing), https://psa.gov.ph/content/household-population-number-households-and-average-household-size-philippines-2020-census, last accessed 26.07.2024","Social Weather Stations 2023, English Language Competence of Filipinos, Dec 1993 to Mar 2023, https://www.sws.org.ph/swsmain/artcldisppage/?artcsyscode=ART-20230816034841, last accessed 07.09.2023: 
Philippine Statistics Authority, Population Projection Statistics, Updated Projected Mid-Year Population for the Philippines Based on the 2015 POPCEN Results: 2020-2025 https://psa.gov.ph/statistics/census/projected-population, last accessed 07.09.2023"
78,British English,generated within project,generated within project,"google maps, https://www.google.com/maps","google maps, https://www.google.com/maps",NA,generated within project,generated within project,generated within project,generated within project,generated within project,"Wikipedia The Free Encyclopedia, English version, https://www.wikipedia.org/, last accessed 04.01.2024","Demographic Statistics Database, United Nations Statistics Division, “Net migration rate (per 1,000 population)“, http://data.un.org/Default.aspx,  last accessed 29.04.2025","Office for National Statistics (ONS), England and Wales Census 2021, Main language, English language proficiency, and household language in England and Wales, Census 2021 data, https://www.ons.gov.uk/peoplepopulationandcommunity/culturalidentity/language/bulletins/languageenglandandwales/census2021, last accessed 09.05.2023",NA,"Hammarström, Harald, Robert Forkel, Martin Haspelmath, and Sebastian Bank. 2023. Glottolog 4.8. Leipzig: Max Planck Institute for Evolutionary Anthropology. https://doi.org/10.5281/zenodo.8131084, http://glottolog.org, last accessed 19.02.2024","Office for National Statistics, England and Wales Census 2021, “Main language is English (English or Welsh in Wales)”  by country of birth and by country, https://www.ons.gov.uk/datasets/create, last accessed 11.05.2025; National Records of Scotland, Census 2022, Languages,  “Country by Main language - 5 groups, collapsed”, https://www.scotlandscensus.gov.uk/, last accessed 13.05.2025","Office for National Statistics, 2021 Census, ""proficiency in english language” by countries, https://www.ons.gov.uk/datasets/create, last accessed 11.05.2025; National Records of Scotland, Census 2022, Languages, based on custom table “English language skills - 8 groups, collapsed by Country”, https://www.scotlandscensus.gov.uk/, last accessed 13.05.2025
"
79,Canadian English,generated within project,generated within project,"google maps, https://www.google.com/maps","google maps, https://www.google.com/maps","Hammarström, Harald, Robert Forkel, Martin Haspelmath, and Sebastian Bank. 2024. Glottolog 5.0. Leipzig: Max Planck Institute for Evolutionary Anthropology. https://doi.org/10.5281/zenodo.10804357, http://glottolog.org, last accessed 09.07.2024.
",generated within project,generated within project,"Kortmann, Bernd, Kerstin Lunkenheimer, and Katharina Ehret (eds.). 2020. The Electronic World Atlas of Varieties of English. Zenodo. DOI: 10.5281/zenodo.3712132, http://ewave-atlas.org, last accessed 14.02.2024",generated within project,generated within project,"The World Factbook. 2021. Washington, DC: Central Intelligence Agency, 2021, https://www.cia.gov/, last accessed 04.01.2024","Demographic Statistics Database, United Nations Statistics Division, “Net migration rate (per 1,000 population)“, http://data.un.org/Default.aspx,  last accessed 29.04.2025","United Nations Statistics Division, Demographic Statistics Database, “Population Censuses' Datasets (1995 - Present), Population by Language, Sex and Urban/Rural Residence”, http://data.un.org/Default.aspx, last accessed 04.04.2023","United Nations Statistics Division, Demographic Statistics Database, “Population Censuses' Datasets (1995 - Present), Population by Language, Sex and Urban/Rural Residence”, http://data.un.org/Default.aspx, last accessed 04.04.2023","Hammarström, Harald, Robert Forkel, Martin Haspelmath, and Sebastian Bank. 2023. Glottolog 4.8. Leipzig: Max Planck Institute for Evolutionary Anthropology. https://doi.org/10.5281/zenodo.8131084, http://glottolog.org, last accessed 19.02.2024","Statistics Canada, 2023 Mother tongue. Census Profile. 2021 Census of Population. Statistics Canada Catalogue no. 98-316-X2021001. Ottawa. Released November 15, 2023. https://www12.statcan.gc.ca/census-recensement/2021/dp-pd/prof/index.cfm?Lang=E, last accessed May 13.05.2025  ","Statistics Canada, 2023, Knowledge of official languages for the total population excluding institutional residents - 100%. Census Profile. 2021 Census of Population. Statistics Canada Catalogue no. 98-316-X2021001. Ottawa. Released 15 November 2023, https://www12.statcan.gc.ca/census-recensement/2021/dp-pd/prof/index.cfm?Lang=; and Statistics Canada, 2023. Total - Mother tongue for the total population excluding institutional residents - 100% data, single responses for English. Census Profile. 2021 Census of Population. Statistics Canada Catalogue no. 98-316-X2021001. Ottawa. Released 15 November 2023,  https://www12.statcan.gc.ca/census-recensement/2021/dp-pd/prof/index.cfm?Lang=, last accessed 04.01.2024"
80,English dialects in the Midlands,generated within project,generated within project,"google maps, https://www.google.com/maps","google maps, https://www.google.com/maps",NA,generated within project,generated within project,generated within project,generated within project,generated within project,"Wikipedia The Free Encyclopedia, English version, https://www.wikipedia.org/,  last accessed 04.01.2024","Demographic Statistics Database, United Nations Statistics Division, “Net migration rate (per 1,000 population)“, http://data.un.org/Default.aspx,  last accessed 29.04.2025","Office for National Statistics (ONS), England and Wales Census 2021, Main language, English language proficiency, and household language in England and Wales, Census 2021 data, https://www.ons.gov.uk/peoplepopulationandcommunity/culturalidentity/language/bulletins/languageenglandandwales/census2021, last accessed 09.05.2023",NA,"Hammarström, Harald, Robert Forkel, Martin Haspelmath, and Sebastian Bank. 2023. Glottolog 4.8. Leipzig: Max Planck Institute for Evolutionary Anthropology. https://doi.org/10.5281/zenodo.8131084, http://glottolog.org, last accessed 19.02.2024","Office for National Statistics, Dataset of 2021 Census estimates by region, https://www.ons.gov.uk/datasets/create, last accessed 06.06.2025  ","Office for National Statistics, Dataset of 2021 Census estimates that classify all usual residents in England and Wales by region, https://www.ons.gov.uk/datasets/create, 10.06.2025"
81,Trinidadian English,generated within project,generated within project,"google maps, https://www.google.com/maps","google maps, https://www.google.com/maps","Hammarström, Harald, Robert Forkel, Martin Haspelmath, and Sebastian Bank. 2024. Glottolog 5.0. Leipzig: Max Planck Institute for Evolutionary Anthropology. https://doi.org/10.5281/zenodo.10804357, http://glottolog.org, last accessed 09.07.2024.
",generated within project,generated within project,,generated within project,generated within project,"The World Factbook. 2021. Washington, DC: Central Intelligence Agency, 2021, https://www.cia.gov/, last accessed 14.02.2024","Demographic Statistics Database, United Nations Statistics Division, “Net migration rate (per 1,000 population)“, http://data.un.org/Default.aspx,  last accessed 29.04.2025","Farquharson, Joseph T., and Bettina Migge. 2009. Sociolinguistics in the Caribbean. In: Martin J. Ball (ed.), The Routledge Handbook of Sociolinguistics Around the World, 108–119. London: Routledge.; Michaelis, Susanne Maria, Philippe Maurer, Martin Haspelmath, and Magnus Huber (eds.). 2013. Atlas of Pidgin and Creole Language Structures Online (APiCS). Leipzig: Max Planck Institute for Evolutionary Anthropology, http://apics-online.info, last accessed 21.09.2023; Dagmar Deuber, p.c. 22.09.2023
",NA,"Hammarström, Harald, Robert Forkel, Martin Haspelmath, and Sebastian Bank. 2023. Glottolog 4.8. Leipzig: Max Planck Institute for Evolutionary Anthropology. https://doi.org/10.5281/zenodo.8131084, http://glottolog.org, last accessed 19.02.2024","World Bank, World Bank Open Data, https://data.worldbank.org/, Completion rate of upper secondary education, last accessed 08.05.2023; United Nations Population Fund (UNFPA), World Population Dashboard,  https://www.unfpa.org/data/world-population-dashboard, last accessed 08.07.2024; Dagmar Deuber, p.c. 05.08.2024; Youssef, Valerie and Winford James. 1999. Grounding via Tense–Aspect in Tobagonian Creole: Discourse Strategies Across a Creole Continuum. Linguistics 37(4): 597–624; 
Deuber, Dagmar. 2014. English in the Caribbean: Variation, Style and Standards in Jamaica and Trinidad. Cambridge: Cambridge University Press. ","World Bank, World Bank Open Data, https://data.worldbank.org/, last accessed 08.05.2023; United Nations Population Fund (UNFPA), World Population Dashboard, https://www.unfpa.org/data/world-population-dashboard, last accessed 08.07.2024"
82,Hebridean English,generated within project,generated within project,"google maps, https://www.google.com/maps","google maps, https://www.google.com/maps",NA,generated within project,generated within project,generated within project,generated within project,generated within project,"Wikipedia The Free Encyclopedia, English version, https://www.wikipedia.org/, last accessed 04.02.2025","Demographic Statistics Database, United Nations Statistics Division, “Net migration rate (per 1,000 population)“, http://data.un.org/Default.aspx,  last accessed 29.04.2025","National Records of Scotland, Census 2011, Languages, https://www.scotlandscensus.gov.uk/census-results/at-a-glance/languages/, https://www.scotlandscensus.gov.uk/census-results/at-a-glance/population/,  last accessed 09.05.2023",NA,"Hammarström, Harald, Robert Forkel, Martin Haspelmath, and Sebastian Bank. 2023. Glottolog 4.8. Leipzig: Max Planck Institute for Evolutionary Anthropology. https://doi.org/10.5281/zenodo.8131084, http://glottolog.org, last accessed 19.02.2024","National Records of Scotland, 2022 Census, “Council Area 2019 by Gaelic language skills - 8 groups, all by Main language”; National Records of Scotland, 2022 Census, “Electoral Ward 2022 by Gaelic language skills - 8 groups, https://www.scotlandscensus.gov.uk/, last accessed 01.05.2025; McLeod, Wilson. 2006. Gaelic in contemporary Scotland: contradictions, challenges and strategies. Anuari: Revista de Recerca Humanística i Científica [Europa parla (II): Llenguües no romàniques minoritzades d’Europa], 17: 83–98.
","National Records of Scotland, 2022 Census, “Council Area 2019 by English language skills - 8 groups, collapsed"" by “Main language - 5 groups, collapsed” (Outer Hebrides), https://www.scotlandscensus.gov.uk/, last accessed 01.05.2025 ; National Records of Scotland, 2022 Census, “Electoral Ward 2022 by English language skills - 8 groups, collapsed” by ""Main language - 5 groups, collapsed” (Isle of Skye), https://www.scotlandscensus.gov.uk/, last accessed 01.05.2025"
